"","ID","sub_r","sub_a","bus_r","bus_a","borrow","return"
"1",3,NA,NA,NA,NA,NA,173
"2",7,NA,NA,NA,NA,NA,1
"3",101,1591744,2184763,70272,47425,565,301
"4",102,1591744,2184763,242404,200562,1622,1280
"5",103,1591744,2184763,239818,244690,570,770
"6",104,1788759,2516574,373636,505275,532,992
"7",105,1788759,2516574,363228,504929,465,257
"8",106,1788759,2516574,347403,462027,888,600
"9",107,2941861,3968362,563535,727151,1181,3802
"10",108,3138876,4300173,174551,376794,169,1311
"11",109,1265274,2122650,57088,75642,405,668
"12",110,293707,99576,339491,253529,643,452
"13",111,1265274,2122650,45074,59960,261,323
"14",112,2615391,3906249,60552,92436,208,649
"15",113,1350117,1783599,651307,846822,2895,10890
"16",114,1350117,1783599,687772,880730,416,1428
"17",115,2067905,3073744,777406,836847,699,820
"18",116,1350117,1783599,501566,382628,945,688
"19",117,977116,363095,608341,832357,947,1253
"20",118,956139,1725213,319006,138961,865,713
"21",119,238351,435068,259225,97407,1101,942
"22",120,41336,103257,324525,106013,437,248
"23",121,956139,1725213,410743,197711,737,488
"24",122,759124,1393402,285003,197734,1093,399
"25",123,977116,363095,403582,219542,1734,467
"26",124,759124,1393402,560054,472329,744,874
"27",125,759124,1393402,238836,211075,410,1208
"28",126,2023198,4697502,247029,258247,1023,1609
"29",127,1092019,1958722,694289,755900,439,171
"30",128,2442136,3742321,766509,878691,987,1446
"31",129,1092019,1958722,653525,699259,815,785
"32",130,2442136,3742321,662840,716960,530,899
"33",131,0,0,333446,201260,1812,636
"34",132,NA,NA,NA,NA,NA,59
"35",133,891350,2041878,321328,187141,2018,292
"36",134,1092019,1958722,844681,1239695,168,521
"37",135,1092019,1958722,620662,883104,114,340
"38",136,1092019,1958722,585044,527930,273,27
"39",137,1092019,1958722,364029,413934,225,42
"40",138,2109241,3177001,772051,1064512,375,444
"41",139,2109241,3177001,537369,901953,321,283
"42",140,1050683,1855465,445481,955026,257,1214
"43",141,2067905,3073744,566177,647504,456,405
"44",142,1154651,1239610,498089,342321,391,155
"45",143,1411604,3656641,703226,617390,842,1097
"46",144,1411604,3656641,674291,557958,1283,1723
"47",145,1411604,3656641,711058,593921,980,891
"48",146,1411604,3656641,340420,308301,1176,1351
"49",147,1411604,3656641,339527,300606,1334,1173
"50",148,1411604,3656641,374719,342221,1624,951
"51",150,2109241,3177001,642475,642407,634,664
"52",151,1247396,856459,346994,163410,1121,467
"53",152,723911,462535,213046,37018,1526,1041
"54",153,1541103,956035,228301,141512,1308,1534
"55",154,1247396,856459,277140,162884,1101,592
"56",155,293707,99576,439720,352142,1521,495
"57",156,1752935,3413070,422684,248505,596,736
"58",157,821756,674290,406134,233966,830,578
"59",158,583437,2154539,562708,458453,942,107
"60",159,1872439,2529755,376082,381087,365,65
"61",160,821756,674290,544385,433284,962,217
"62",161,1204619,433620,227212,95154,317,81
"63",162,332895,565320,113570,322684,969,94
"64",163,0,0,324967,271621,322,154
"65",164,1185057,2141454,412769,197750,744,410
"66",165,293707,99576,296457,130546,1498,176
"67",166,293707,99576,275609,85187,2248,621
"68",167,0,0,350420,123227,1341,9
"69",169,1185057,2141454,280721,125359,325,1011
"70",170,293707,99576,353560,135571,1146,384
"71",171,548008,7096866,416516,1148468,495,921
"72",172,NA,NA,NA,NA,NA,62
"73",173,548008,7096866,478265,1281956,897,993
"74",174,NA,NA,NA,NA,NA,18
"75",175,0,0,266269,214032,2331,1121
"76",176,0,0,435081,390934,1227,694
"77",177,891350,2041878,341678,151949,459,144
"78",178,929215,2243304,268060,187287,1318,460
"79",179,293707,99576,441930,342875,2181,2171
"80",180,1126203,2566098,314062,410714,800,235
"81",181,1591744,2184763,111532,34487,204,76
"82",182,1591744,2184763,131644,37070,1124,384
"83",183,293707,99576,259180,176559,2660,1279
"84",184,1247396,856459,250645,155558,1014,552
"85",185,0,0,105164,38715,1040,188
"86",186,723911,462535,240308,180818,258,742
"87",188,977116,363095,330546,151152,1277,221
"88",191,891350,2041878,440899,153622,798,229
"89",192,293707,99576,174174,47057,1219,302
"90",194,929215,2243304,814226,495544,1168,1272
"91",195,293707,99576,357201,267678,597,430
"92",196,1643824,1883175,445399,346463,333,138
"93",198,779859,2173208,456923,994929,814,275
"94",199,723911,462535,96965,116670,486,291
"95",200,86189,1742650,60026,254514,277,2723
"96",201,86189,1742650,116484,771794,696,2319
"97",202,531816,7002790,201732,940395,1209,7482
"98",203,416668,6265996,70671,463166,1273,5155
"99",204,416668,6265996,69585,437934,507,4406
"100",205,416668,6265996,204882,799414,530,4287
"101",206,1054105,6840520,101949,502931,697,4382
"102",207,445627,5260140,223379,252619,5274,2813
"103",209,601647,7296914,483978,1046593,177,1905
"104",210,531816,7002790,214639,961038,1797,4954
"105",211,1800572,8577968,506308,1220932,2934,1922
"106",212,1685424,7841174,524716,1205225,4435,956
"107",213,1123936,7134644,60736,252574,2992,3024
"108",214,1123936,7134644,480766,977915,969,2582
"109",215,115148,736794,260305,181830,500,314
"110",216,515458,5554264,327739,390554,1623,557
"111",217,515458,5554264,246361,741781,707,3722
"112",218,515458,5554264,482125,655598,649,2416
"113",219,1714383,6835318,401270,851566,835,1255
"114",220,1599235,6098524,393304,781279,589,942
"115",221,115148,736794,126867,291614,1009,665
"116",222,1711710,2362065,152378,313372,2057,6199
"117",223,2603677,7591941,228190,504180,822,939
"118",224,1076946,6260794,251138,742357,841,1287
"119",225,961798,5524000,207929,517889,1215,688
"120",226,1599235,6098524,320436,539988,1024,1692
"121",227,458475,490756,126372,103098,1076,746
"122",228,1899045,1996260,145668,369258,1295,1549
"123",229,1899045,1996260,138547,344000,615,3504
"124",230,2082310,4122525,247720,421084,2876,2414
"125",231,1761090,3641776,197748,354961,1121,833
"126",232,1159047,2255816,179028,230060,2485,3401
"127",233,1159047,2255816,73665,87540,383,280
"128",234,611987,270410,308400,318692,960,233
"129",235,611987,270410,275788,209640,702,231
"130",236,3448471,4881107,179539,325506,686,625
"131",237,997837,800180,302377,218886,1076,1552
"132",238,2738796,3754300,234931,232770,1841,1897
"133",239,2738796,3754300,242685,275824,1107,1521
"134",240,1679229,3570549,260741,469005,1372,1175
"135",241,2090462,1791307,569108,222483,1315,498
"136",242,1413273,2261059,408114,203968,965,114
"137",243,1159047,2255816,95795,152462,665,1521
"138",244,1982830,2050460,356912,333657,1315,499
"139",245,2738796,3754300,178336,223258,1512,1315
"140",247,1899045,1996260,538899,634429,2305,1921
"141",248,201337,2479444,66323,563802,360,1541
"142",249,115148,736794,65935,84520,250,178
"143",250,1989926,1685352,486312,342298,519,155
"144",251,1428438,978822,303124,213490,909,371
"145",252,2040425,1249232,443992,449285,852,674
"146",253,997837,800180,297888,349422,734,636
"147",254,611987,270410,330675,128456,1116,199
"148",255,2090462,1791307,532215,176977,1114,330
"149",256,2866298,3477842,374426,136839,670,427
"150",257,1599235,6098524,513193,498742,1720,619
"151",258,2064972,7265154,285156,405774,1651,462
"152",259,1599235,6098524,727035,567531,4806,912
"153",260,1747799,3312361,0,0,140,687
"154",262,1801815,3714245,357395,435234,2023,3150
"155",263,3136311,3801712,166173,158380,1854,1828
"156",264,1761090,3641776,333429,586693,1138,933
"157",265,1679229,3570549,288262,516915,528,579
"158",266,2455065,5257084,246671,537671,509,617
"159",267,1899045,1996260,470764,655237,721,664
"160",268,1899045,1996260,554390,727091,742,751
"161",270,515458,5554264,515995,1278804,320,1155
"162",271,1599235,6098524,495449,987508,420,129
"163",272,1899045,1996260,509410,598100,2028,1106
"164",274,1734493,2741808,625048,638301,1370,986
"165",275,1801815,3714245,281439,275123,1982,885
"166",276,1734493,2741808,275906,402068,1202,553
"167",277,2455065,5257084,742094,885570,509,550
"168",278,2090462,1791307,532955,642711,865,416
"169",279,775836,1686535,414110,582397,1099,704
"170",280,2655011,3700100,134127,165920,1116,865
"171",281,0,0,310258,399496,703,520
"172",282,4124072,3695726,876762,1815791,126,215
"173",283,1097056,2167284,319881,672665,2253,822
"174",284,2455065,5257084,704797,877855,1017,1945
"175",285,0,0,169416,148501,489,898
"176",286,0,0,289924,266362,966,425
"177",287,1077186,2184589,268155,301594,1320,813
"178",288,1159047,2255816,192622,230229,503,590
"179",289,0,0,179087,154745,411,424
"180",290,2655011,3700100,422073,373677,708,1178
"181",291,3468341,4863802,148256,344073,430,2926
"182",292,775836,1686535,353880,122638,690,115
"183",293,2069019,3793110,209992,174916,1969,787
"184",300,548008,7096866,409015,1062907,1054,1750
"185",301,0,0,352347,518160,1431,285
"186",302,0,0,478693,760286,1970,946
"187",303,893669,14572208,427774,1181054,1297,1827
"188",304,714782,14117714,535906,1494147,708,888
"189",305,714782,14117714,571556,1545670,561,3972
"190",306,589222,12680400,538302,1264645,723,1172
"191",307,548008,7096866,264521,851637,948,1641
"192",308,893669,14572208,478178,1251718,831,2209
"193",309,893669,14572208,545457,1360133,684,1057
"194",310,589222,12680400,559558,1435027,392,911
"195",311,893669,14572208,447026,1496632,2500,2189
"196",312,1067666,16209668,290229,1017442,1994,1868
"197",313,243561,5205058,762835,908867,603,490
"198",314,125560,1437314,65259,233776,594,1161
"199",315,513572,6952440,333740,621101,687,618
"200",316,958888,16282985,638123,1551373,1714,2494
"201",318,1328952,20833984,643319,1651493,287,750
"202",320,1203392,19396670,599092,1459423,489,2033
"203",321,1203392,19396670,428766,989940,159,1372
"204",322,1422170,21872150,432654,949598,207,311
"205",324,619313,10968005,318893,1104249,769,1562
"206",326,513572,6952440,296830,455508,1740,1315
"207",327,911394,13991466,652639,1032944,1339,1228
"208",328,1015454,15292610,455201,694115,623,499
"209",329,1408229,19405550,640685,1127494,1285,1390
"210",330,1328952,20833984,753938,1566724,325,1898
"211",331,1526230,23173294,552514,980642,558,1507
"212",332,1526230,23173294,474957,789959,688,1108
"213",334,1127972,16760994,315054,597073,1009,1333
"214",335,1127972,16760994,315054,597073,795,1167
"215",336,894657,12453110,237120,364750,438,456
"216",337,568364,3831625,296072,860519,236,513
"217",338,656751,7848338,292201,771254,453,1683
"218",339,656751,7848338,256508,786528,573,1098
"219",340,324258,1666354,370535,468659,1067,870
"220",341,324258,1666354,486043,546470,740,697
"221",342,436776,3134738,477234,797292,1617,1123
"222",343,846416,4554781,164317,682648,877,408
"223",344,1418359,5902342,127171,518496,714,270
"224",345,870324,6354842,302583,980911,655,1893
"225",346,1899409,6855253,366233,675920,435,1589
"226",347,2117255,8816290,197441,325565,368,900
"227",348,583437,2154539,547213,446040,1250,142
"228",349,278990,262731,391564,576578,470,373
"229",351,0,0,79637,174643,1120,325
"230",352,125560,1437314,48227,116972,463,132
"231",353,125560,1437314,303162,412685,255,283
"232",354,369666,3602585,165126,269094,800,390
"233",355,846416,4554781,135401,620401,1203,1780
"234",356,846416,4554781,344426,771482,838,1865
"235",358,324258,1666354,560741,710255,1234,1588
"236",359,680882,5300009,262157,964608,610,1693
"237",361,2127934,4495993,449499,503894,1622,1665
"238",362,1478446,2982716,480108,562474,1434,1034
"239",363,997396,2029805,504194,637058,1383,1301
"240",364,1866121,3757347,124057,136673,825,127
"241",367,278990,262731,414724,279116,840,139
"242",368,714782,14117714,678211,1633421,356,1966
"243",369,269466,4787169,233200,488778,974,2610
"244",370,749763,11222353,166966,718528,527,1810
"245",371,1416764,4262229,89833,136565,198,607
"246",372,2052663,2363375,217418,135538,365,290
"247",373,1946977,2291835,267843,203179,222,26
"248",374,2525339,5463645,135784,120846,557,321
"249",375,2184641,4258247,286689,318186,709,691
"250",377,NA,NA,NA,NA,NA,264
"251",378,2256587,6635154,374831,393353,959,1407
"252",379,0,0,792023,947860,563,861
"253",380,1112841,11236320,173355,385753,777,1373
"254",381,1416764,4262229,141230,182639,38,73
"255",382,2052663,2363375,234151,182470,242,140
"256",383,2075612,5889670,209991,306169,1005,934
"257",384,548008,7096866,357181,809036,386,435
"258",385,1154955,19196524,502752,1387308,806,1072
"259",386,324258,1666354,220304,218357,1007,467
"260",387,1107636,7267344,243786,553030,213,806
"261",388,324258,1666354,337558,512345,440,430
"262",389,875529,10323818,91051,459892,1088,983
"263",390,805819,9173001,116564,209894,689,690
"264",391,893669,14572208,287791,1221679,502,938
"265",393,1899409,6855253,335497,591446,491,1553
"266",394,304447,1891808,616146,1248307,796,567
"267",395,583437,2154539,567908,848731,1149,323
"268",397,656751,7848338,287018,743675,143,553
"269",398,1395187,19436620,323550,633947,642,999
"270",399,821756,674290,294813,203110,495,62
"271",400,0,0,219028,173898,1774,75
"272",401,0,0,220024,175108,979,163
"273",402,0,0,188447,183141,1111,129
"274",403,0,0,323694,349642,887,636
"275",405,37865,201426,227643,524263,114,1602
"276",406,0,0,197248,221342,304,89
"277",407,0,0,190222,445153,691,564
"278",408,37865,201426,129896,594009,362,2877
"279",409,37865,201426,193799,844891,355,7947
"280",410,37865,201426,183853,727851,153,101
"281",411,929215,2243304,170049,652686,244,2197
"282",412,929215,2243304,184030,638161,553,4187
"283",413,0,0,55186,149355,549,162
"284",414,929215,2243304,292454,723853,1075,1670
"285",415,929215,2243304,730684,566015,5369,2539
"286",416,929215,2243304,596205,590552,1043,308
"287",417,929215,2243304,799747,523437,3100,1405
"288",418,1615261,2504413,502667,171537,953,1143
"289",419,1615261,2504413,284449,197178,1265,678
"290",420,723911,462535,75895,100366,154,709
"291",421,723911,462535,328224,215602,2046,3037
"292",422,0,0,50845,78479,93,331
"293",424,929215,2243304,566846,258149,188,148
"294",425,37865,201426,266943,483266,166,886
"295",426,1752935,3413070,395797,253411,489,1055
"296",427,1615261,2504413,279324,109447,858,435
"297",428,1282669,17968236,319641,492704,435,515
"298",429,1263348,859925,160438,98383,89,7
"299",430,1520824,5563373,198575,323516,96,188
"300",431,1888086,4402759,276799,289888,1528,830
"301",432,1541103,956035,361499,120198,234,319
"302",433,959286,17231399,476880,1366844,780,873
"303",434,2806173,2295410,322774,242582,306,14
"304",435,243561,5205058,744964,1003319,101,430
"305",436,1872439,2529755,376082,381087,480,33
"306",437,759124,1393402,248501,217610,379,289
"307",438,1017618,562111,397613,181490,1022,565
"308",439,480425,917861,94446,88204,658,1310
"309",440,0,0,203,3630,42,72
"310",446,0,0,209229,263410,134,91
"311",447,0,0,248216,183435,26,20
"312",449,0,0,87810,68799,63,1
"313",450,0,0,106098,255359,749,548
"314",451,125560,1437314,22918,64623,282,438
"315",452,994719,6421966,241056,688134,246,810
"316",453,1434892,11500776,281904,934826,657,460
"317",454,911394,13991466,561092,1348837,340,248
"318",455,1282571,7110252,242133,518246,61,341
"319",456,2127934,4495993,494380,508981,416,259
"320",457,1282571,7110252,344904,668081,500,735
"321",458,589222,12680400,537651,1299097,547,850
"322",461,0,0,508468,865414,1101,949
"323",462,0,0,254167,202052,61,2
"324",463,NA,NA,NA,NA,NA,19
"325",464,125560,1437314,39266,127235,111,255
"326",500,1586277,1407624,176760,161386,1570,933
"327",501,1986249,1577655,362135,465102,1084,456
"328",502,399972,170031,95072,67909,3402,4690
"329",503,NA,NA,NA,NA,NA,495
"330",504,1986249,1577655,412497,93627,2700,1184
"331",505,0,0,177693,329322,2038,1483
"332",506,845655,4655031,26239,108043,336,1022
"333",507,845655,4655031,79756,190664,912,3239
"334",508,845655,4655031,74334,125312,2069,2579
"335",509,1148431,5028973,160044,122934,1880,7194
"336",510,720083,1880111,89839,120355,236,412
"337",511,720083,1880111,114225,195526,678,1345
"338",512,944370,2652704,80924,139770,1158,1611
"339",513,1148431,5028973,118655,202494,862,4159
"340",514,2014625,4556486,135987,135288,2574,4635
"341",515,0,0,269753,111585,1011,185
"342",516,1586277,1407624,405890,286710,1060,743
"343",518,2112313,2548732,322360,507596,763,2807
"344",519,806521,476906,281851,334434,763,294
"345",520,1408877,591193,301958,407296,748,618
"346",521,1695231,812457,368202,608324,703,926
"347",522,2109622,1226375,295916,228403,181,170
"348",523,1075320,389449,278862,299940,70,4
"349",524,1605527,407481,308794,173039,263,29
"350",525,1008540,1076951,183499,455801,553,1566
"351",526,2026841,1356705,328326,410309,950,2397
"352",529,856555,849539,384751,656603,1647,763
"353",530,1276217,1725191,287347,360143,1342,660
"354",533,1357311,473180,365590,227614,380,164
"355",534,1003171,293194,400385,130411,290,48
"356",535,826643,886880,380408,206466,430,68
"357",536,1901011,777657,324849,217289,905,146
"358",537,574651,1008597,192687,465628,571,895
"359",538,1585911,752603,256187,398035,745,748
"360",539,856555,849539,177923,175299,1102,684
"361",540,0,0,369502,352815,1180,572
"362",542,0,0,126527,330961,467,1037
"363",543,0,0,126527,330961,540,945
"364",544,0,0,63149,61602,494,164
"365",546,0,0,410122,291298,1497,631
"366",548,399972,170031,258382,57026,2659,726
"367",549,0,0,393499,311800,1537,630
"368",550,1642617,1300447,339101,536675,600,2525
"369",551,0,0,169207,328610,1142,857
"370",552,0,0,162781,387751,307,553
"371",553,1020894,367641,283678,122024,964,455
"372",555,0,0,164667,388987,537,378
"373",556,969634,317909,136793,171411,45,32
"374",557,2284967,3459622,365046,475796,1058,737
"375",558,1092875,698170,268970,581435,706,1477
"376",559,1815061,1553857,391770,666475,737,1464
"377",560,0,0,329420,167845,1458,316
"378",561,720083,1880111,108565,152000,1394,1440
"379",562,856555,849539,193782,182647,1413,375
"380",563,428348,3148862,129602,173492,734,10182
"381",564,2109622,1226375,274649,232259,46,10
"382",565,969634,317909,144085,210040,1174,1622
"383",567,845655,4655031,68437,111377,4708,3178
"384",568,2284967,3459622,299957,325889,1357,1143
"385",569,706813,145480,327314,109463,216,30
"386",571,1586277,1407624,208272,156761,1276,1058
"387",572,1020894,367641,199114,133724,299,92
"388",573,0,0,235228,208889,1915,1193
"389",574,0,0,427322,317551,1780,322
"390",575,605190,248692,144179,117813,319,202
"391",576,0,0,109693,91941,682,638
"392",577,0,0,101846,97410,866,877
"393",578,428348,3148862,127636,184027,1550,5912
"394",579,1585911,752603,94311,194380,835,452
"395",580,2436416,1560744,201177,163443,22,8
"396",581,2026841,1356705,144214,173955,969,515
"397",582,1148431,5028973,146954,195246,973,1324
"398",583,1585911,752603,173563,173747,1403,1225
"399",584,1586277,1407624,245770,193233,2483,910
"400",585,428348,3148862,239038,129659,2573,1730
"401",586,1585911,752603,55056,79537,792,283
"402",587,1148431,5028973,93479,147342,255,1623
"403",588,1986249,1577655,103017,76056,521,421
"404",589,845655,4655031,69793,121851,2875,4016
"405",590,1586277,1407624,238269,399988,2526,2685
"406",591,1586277,1407624,168325,246372,206,924
"407",592,1586277,1407624,34309,81091,411,3123
"408",593,0,0,330270,79996,2822,254
"409",594,1025022,895472,1340,13269,114,2260
"410",600,1607588,1225680,310689,263488,57,47
"411",601,420471,578104,458505,674136,334,485
"412",602,0,0,454760,283539,1487,1718
"413",604,1299557,531339,353905,436824,1240,87
"414",605,1178019,2514675,563457,816430,352,1181
"415",606,0,0,250442,196924,650,924
"416",607,925522,412120,121370,127029,448,121
"417",608,957348,840244,281708,217814,112,276
"418",609,0,0,297831,362148,1682,393
"419",610,1131090,485406,366472,182695,808,314
"420",612,890167,1826389,265564,497635,1597,1818
"421",613,997396,2029805,519939,691742,957,1122
"422",614,890167,1826389,346604,529004,1265,989
"423",615,890167,1826389,456022,640311,655,288
"424",616,957348,840244,440386,364821,182,47
"425",617,1001819,461233,464840,210158,1167,345
"426",621,1131090,485406,452126,203754,519,357
"427",622,0,0,473209,228494,660,476
"428",623,957348,840244,436799,450596,1409,584
"429",624,415625,245437,269386,195554,1850,580
"430",625,2156112,1380878,380363,455618,2036,921
"431",626,856555,849539,295309,365832,1274,1113
"432",627,0,0,453228,283448,959,743
"433",628,957348,840244,228466,201586,265,232
"434",630,836096,823541,424372,644646,1667,1483
"435",631,1585911,752603,330208,444978,1967,1997
"436",633,420471,578104,625406,1005314,428,1274
"437",634,1882870,1252364,188752,250824,798,1587
"438",635,957348,840244,428892,399432,1106,496
"439",636,0,0,31471,44390,483,2066
"440",637,0,0,49739,63525,717,902
"441",638,957348,840244,0,0,133,888
"442",639,957348,840244,63532,83940,812,621
"443",640,420471,578104,547052,837573,702,329
"444",641,836096,823541,299232,432251,649,1060
"445",642,1585911,752603,241495,328397,1068,909
"446",643,605190,248692,201870,98434,1909,507
"447",646,856555,849539,384751,656603,2526,3802
"448",647,925522,412120,171017,139980,433,315
"449",648,1858374,1310772,200909,204680,2289,1147
"450",650,1607588,1225680,316720,250398,1051,1029
"451",651,0,0,697217,853290,303,299
"452",652,0,0,464686,271324,552,36
"453",654,129271,24173,315811,172402,612,47
"454",656,0,0,151808,150597,685,131
"455",657,129271,24173,229915,140736,1464,211
"456",658,0,0,381397,248176,683,796
"457",659,890167,1826389,377367,533152,1387,641
"458",660,420471,578104,511696,793151,523,1206
"459",661,957348,840244,107130,380607,156,1514
"460",663,1882870,1252364,181496,206751,757,502
"461",664,957348,840244,202897,174776,1,5
"462",700,1758650,548785,421492,467927,1085,773
"463",701,991136,385443,485037,221511,1145,212
"464",702,991136,385443,376514,207702,797,175
"465",703,1394217,937419,218471,413868,2484,2731
"466",704,991136,385443,344813,499544,1502,2328
"467",706,522841,153126,347439,614443,772,917
"468",707,522841,153126,211321,135043,540,133
"469",708,1382468,513735,226998,259749,1118,3100
"470",709,0,0,332638,170938,215,257
"471",710,0,0,308884,158381,299,100
"472",711,522841,153126,54990,35706,521,76
"473",712,0,0,351028,150869,430,275
"474",713,0,0,249120,145064,551,185
"475",714,0,0,267949,129377,695,284
"476",716,1382468,513735,152106,160328,1749,2495
"477",719,991136,385443,333823,358302,783,619
"478",720,0,0,263857,131940,529,47
"479",722,1513977,538569,249679,390758,1212,438
"480",723,991136,385443,179091,358599,694,6429
"481",724,391332,128292,262571,128689,264,13
"482",725,2557786,437067,394478,567535,492,68
"483",726,0,0,187646,46650,1514,345
"484",729,391332,128292,163592,127053,1340,480
"485",731,403081,551976,92583,178436,502,2376
"486",732,0,0,291360,212108,366,213
"487",733,0,0,173590,69973,382,36
"488",734,914173,281418,202254,107799,1155,218
"489",735,0,0,282462,69621,1289,431
"490",736,0,0,417753,160007,373,171
"491",737,522841,153126,414947,591219,1079,185
"492",739,0,0,314298,226593,957,211
"493",740,1953185,380263,396235,261514,607,197
"494",741,0,0,167053,121225,165,144
"495",742,762591,608699,449940,498297,399,385
"496",743,0,0,322114,226446,428,146
"497",744,1242249,330306,163730,188499,1049,1911
"498",745,0,0,355137,149998,691,55
"499",746,221040,64207,243180,215001,825,874
"500",747,0,0,239537,144884,551,462
"501",748,403081,551976,132599,147097,51,497
"502",749,458475,490756,108375,139656,379,1107
"503",750,0,0,227095,163526,494,60
"504",752,516401,218479,331759,149002,1409,173
"505",754,1242249,330306,44739,27060,1220,127
"506",755,221040,64207,243479,227883,616,1053
"507",756,1394217,937419,208889,428412,382,507
"508",757,0,0,89565,33062,137,46
"509",758,914173,281418,197612,98932,869,390
"510",759,0,0,326234,124979,695,143
"511",760,0,0,290657,166807,325,220
"512",762,403081,551976,215459,398534,272,329
"513",763,391332,128292,282966,116617,424,147
"514",764,0,0,180782,200440,611,1199
"515",765,1394217,937419,215694,413686,461,368
"516",766,1242249,330306,161439,186126,229,206
"517",800,812543,2488936,254888,224669,871,1295
"518",802,170009,515744,237297,158385,150,70
"519",803,300379,834285,573349,474989,40,256
"520",805,1506096,5224931,444419,330277,589,338
"521",806,1024998,3736016,187443,312003,267,1060
"522",807,0,0,817113,854242,578,937
"523",808,48468,104628,88499,90549,122,289
"524",809,87738,185069,173140,206266,191,128
"525",810,236056,390081,251359,152829,149,35
"526",811,236056,390081,136884,138668,119,33
"527",812,481098,1488915,228311,187883,150,315
"528",813,1105849,4721838,309631,310415,325,327
"529",815,48468,104628,101410,99849,883,430
"530",816,870533,3895653,425240,470462,814,885
"531",817,1105849,4721838,288489,298087,196,216
"532",818,635563,1329278,677633,637554,745,455
"533",819,881345,1992008,736912,593096,514,702
"534",820,235316,826185,362115,312430,451,242
"535",822,624751,3232923,180587,363774,107,77
"536",823,1566742,4068058,252717,219105,367,119
"537",825,48468,104628,156166,104482,1083,835
"538",826,0,0,676496,704295,902,543
"539",827,481098,1488915,50379,46302,70,542
"540",828,235316,826185,649392,566774,291,233
"541",829,624751,3232923,178497,339207,745,1627
"542",830,480425,917861,158540,76837,521,152
"543",831,236056,390081,208570,146199,155,63
"544",832,0,0,138091,136063,738,784
"545",834,635563,1329278,382479,276292,1612,179
"546",835,881345,1992008,687190,591463,371,291
"547",836,0,0,234374,158505,309,394
"548",837,87738,185069,144077,147282,408,420
"549",838,235316,826185,625957,548578,739,462
"550",839,87738,185069,164795,52935,403,133
"551",840,624751,3232923,126174,121581,253,189
"552",841,870533,3895653,415337,420842,519,1409
"553",843,236056,390081,238630,220410,141,134
"554",844,412296,1985843,86526,38423,525,301
"555",845,1270780,4398746,225216,261861,187,505
"556",846,0,0,327748,161756,567,179
"557",900,2124353,846280,260137,286592,644,521
"558",901,1081398,321844,351153,341610,757,467
"559",902,1161441,388636,135141,76404,321,55
"560",903,0,0,182347,56425,638,182
"561",904,0,0,135497,33437,394,97
"562",905,1098594,363901,131246,310351,277,1662
"563",906,2671332,578354,480202,967063,975,780
"564",907,1341021,325594,336247,325923,1716,1973
"565",908,2892662,682136,342117,303525,304,219
"566",909,0,0,302544,216386,421,180
"567",911,1722275,716733,201919,118469,1362,946
"568",912,0,0,509292,493039,1532,1011
"569",913,1341021,325594,359015,234562,627,795
"570",914,1119691,221812,426316,478156,1835,856
"571",915,0,0,311234,193014,982,506
"572",916,1722275,716733,207344,147082,789,279
"573",917,860068,218062,311194,589145,1459,1691
"574",919,2124353,846280,299840,363820,258,299
"575",921,1098594,363901,179683,69881,264,143
"576",922,2846769,615388,434717,911924,214,192
"577",923,2388779,526873,320817,387960,923,95
"578",924,0,0,206027,107290,217,46
"579",925,1264285,628218,379174,414992,158,229
"580",926,1439722,665252,328577,393822,418,750
"581",927,2846769,615388,434717,911924,138,431
"582",928,0,0,11916,23243,71,43
"583",930,1341021,325594,329875,193084,721,205
"584",931,1799011,414109,265594,127330,1619,961
"585",932,679320,192297,343912,299759,316,250
"586",933,2892662,682136,486187,368826,446,594
"587",934,1119691,221812,342668,147910,1064,405
"588",935,2841966,938545,188838,106202,321,52
"589",937,62847,24735,155089,65564,19,17
"590",938,1161441,388636,135561,77631,69,17
"591",939,2124353,846280,351500,333714,377,348
"592",941,0,0,99475,63029,408,133
"593",942,0,0,150726,50214,424,35
"594",943,2124353,846280,432557,351219,847,2492
"595",945,0,0,134610,98803,360,43
"596",946,1218392,561470,131454,45796,935,76
"597",947,2213342,489839,414411,618679,445,129
"598",948,929215,2243304,732833,456768,966,608
"599",949,2671332,578354,461731,960677,234,860
"600",950,2892662,682136,249845,271268,527,583
"601",951,2671332,578354,459469,950904,652,380
"602",952,2388779,526873,308080,283046,389,231
"603",953,175437,37034,279773,125373,403,56
"604",954,1161441,388636,101012,76239,160,129
"605",956,1119691,221812,487218,340764,846,492
"606",958,1341021,325594,422593,247993,875,540
"607",959,1161441,388636,43450,28309,17,633
"608",960,1098594,363901,169801,348153,180,759
"609",961,1439722,665252,328577,393822,314,324
"610",962,1098594,363901,162795,324102,42,162
"611",963,1218392,561470,198405,121252,402,132
"612",964,3889724,1139824,336854,648728,376,254
"613",965,1119691,221812,231114,93373,737,66
"614",966,1903023,742498,331121,369399,17,289
"615",967,2124353,846280,350534,384616,119,171
"616",968,0,0,99408,42595,152,4
"617",969,0,0,98142,19399,160,4
"618",971,1119691,221812,220680,63224,480,47
"619",972,929215,2243304,81925,250346,354,515
"620",1001,2344255,709219,263243,368159,567,996
"621",1002,1314428,227377,113982,65188,686,542
"622",1003,1314428,227377,167652,223758,520,594
"623",1004,1314428,227377,143845,326729,526,454
"624",1006,399263,152099,294396,201321,280,180
"625",1007,0,0,3839,8305,13,27
"626",1008,1314428,227377,151464,325722,1645,1328
"627",1009,1572260,911918,323958,439814,794,1748
"628",1010,1765342,939387,250189,237159,1116,993
"629",1011,1765342,939387,243606,274386,2305,1207
"630",1012,1572260,911918,315401,425815,401,835
"631",1013,542433,430076,209176,256690,918,1142
"632",1014,399263,152099,214805,195277,440,272
"633",1015,783615,368373,184922,219651,382,351
"634",1016,729652,189351,184225,409636,255,111
"635",1017,352532,187011,172487,87813,1255,476
"636",1018,382983,270534,107949,161790,218,764
"637",1019,925416,700610,130992,100051,2717,1905
"638",1020,1955243,1182452,206540,154655,2002,3166
"639",1021,0,0,253259,84067,478,156
"640",1022,1765342,939387,252105,239111,982,508
"641",1023,0,0,115082,187970,225,1799
"642",1024,542433,430076,240781,265009,846,1790
"643",1025,0,0,113671,216264,104,277
"644",1026,384352,216274,99770,77198,275,178
"645",1027,352532,187011,139957,69769,718,305
"646",1028,1572260,911918,244902,211078,861,295
"647",1029,1572260,911918,309677,441007,485,336
"648",1030,542433,430076,182201,236827,757,683
"649",1031,1314428,227377,75523,90630,133,268
"650",1032,399263,152099,204913,64973,445,84
"651",1033,783615,368373,136524,97374,506,143
"652",1034,384352,216274,74740,34302,252,26
"653",1035,384352,216274,53492,112613,334,476
"654",1036,783615,368373,138040,146662,201,155
"655",1037,0,0,295769,74851,48,30
"656",1038,0,0,174850,52689,60,53
"657",1039,729652,189351,157293,379046,89,43
"658",1040,NA,NA,NA,NA,NA,0
"659",1041,384352,216274,98531,81615,216,119
"660",1042,0,0,202545,57305,158,135
"661",1044,751795,339110,81497,53458,1412,1153
"662",1047,1765342,939387,254983,286814,1175,727
"663",1048,735515,457545,177017,128148,1355,1020
"664",1049,0,0,177538,34425,292,72
"665",1050,382983,270534,142506,161366,1696,1229
"666",1051,399263,152099,158844,46770,744,225
"667",1052,1114004,405625,97619,120770,93,179
"668",1053,729652,189351,26304,18463,88,37
"669",1054,729652,189351,188547,442572,75,64
"670",1056,0,0,297612,77473,285,142
"671",1057,729652,189351,188153,356043,421,127
"672",1058,1114004,405625,44191,87877,166,99
"673",1059,1382359,668853,232058,296291,908,377
"674",1060,2344255,709219,138614,46980,507,151
"675",1061,1713691,379476,140424,50838,1149,223
"676",1062,1114004,405625,7869,13709,227,49
"677",1101,368143,89232,62189,12888,83,67
"678",1102,967475,566219,169881,119306,716,218
"679",1103,600066,428172,94309,77452,799,183
"680",1105,341924,196043,11791,9171,50,54
"681",1106,967475,566219,188072,127841,1106,506
"682",1108,1367380,1135525,163796,126615,412,185
"683",1109,1367380,1135525,166554,130837,222,38
"684",1110,1185576,692642,80253,96121,382,381
"685",1111,1109316,1208745,53855,75430,659,505
"686",1112,1109316,1208745,47995,97337,1201,1758
"687",1113,811096,911446,78815,32444,1075,357
"688",1114,443687,773399,31347,27471,62,296
"689",1115,762591,608699,472460,523084,653,360
"690",1117,1374484,1610933,170767,205977,919,2152
"691",1118,1762516,1105528,146396,198527,1964,3445
"692",1119,762591,608699,218751,150988,1341,1440
"693",1120,999925,496829,104839,142658,1522,645
"694",1121,1762516,1105528,145911,194710,611,1439
"695",1122,1246115,887049,59417,68796,375,954
"696",1124,374559,1114104,251541,289532,1230,1378
"697",1125,1162820,1434009,233365,190087,913,450
"698",1126,2741446,700168,235488,345380,832,207
"699",1127,2741446,700168,486604,617221,398,569
"700",1128,2741446,700168,402717,586330,451,569
"701",1129,2741446,700168,402717,586330,574,450
"702",1130,2741446,700168,462248,568760,239,185
"703",1131,2741446,700168,488898,293967,1649,287
"704",1132,762591,608699,414207,489754,1339,1342
"705",1135,516401,218479,278396,228359,1712,488
"706",1136,516401,218479,280523,145693,691,138
"707",1137,0,0,420857,170295,619,272
"708",1139,0,0,354346,124167,1760,289
"709",1140,991136,385443,389873,373116,1371,326
"710",1141,2034945,283941,361314,626917,1330,450
"711",1145,2034945,283941,329234,610257,431,238
"712",1146,2034945,283941,423700,153373,771,320
"713",1148,1953185,380263,344630,399972,733,50
"714",1149,1331043,1168742,68634,74959,1224,1589
"715",1150,1367380,1135525,167112,139886,887,530
"716",1151,741907,1070698,70002,69783,1751,1386
"717",1152,1116466,2184802,105105,135542,1756,1845
"718",1153,374559,1114104,235835,336526,2199,2058
"719",1155,343324,364048,87670,110953,1581,432
"720",1157,0,0,354828,276929,1151,1225
"721",1158,1246115,887049,307962,393424,2806,2335
"722",1159,1343249,860877,151933,166139,513,3010
"723",1160,343324,364048,109139,188484,3313,3408
"724",1161,0,0,81387,106488,65,272
"725",1162,1629263,1466041,44871,35643,1099,424
"726",1163,811096,911446,160648,103767,1062,536
"727",1165,1109316,1208745,76589,107530,503,131
"728",1166,717883,1478152,178561,254989,1719,2087
"729",1167,298220,297299,192790,57797,1707,711
"730",1168,1185576,692642,40028,46729,1002,259
"731",1169,1758650,548785,303721,347204,998,882
"732",1170,1537610,484578,425098,519980,402,204
"733",1171,1537610,484578,576792,625899,941,652
"734",1172,1246115,887049,118381,144134,797,1355
"735",1173,1246115,887049,523519,643627,1280,682
"736",1174,1246115,887049,556297,656760,820,1033
"737",1175,1762516,1105528,265124,347202,725,845
"738",1177,0,0,153479,108673,1297,194
"739",1178,968209,517404,72262,101249,341,651
"740",1180,672779,1411403,147122,135008,716,379
"741",1181,0,0,57593,85073,77,1027
"742",1182,999925,496829,303784,394211,1136,739
"743",1183,0,0,65344,29185,150,264
"744",1184,818167,554595,81946,63031,1336,221
"745",1185,1343249,860877,165392,209782,1100,315
"746",1186,397430,212047,64564,54277,541,558
"747",1187,0,0,42637,70458,180,156
"748",1188,443687,773399,14573,32101,87,819
"749",1190,1116466,2184802,76810,128975,528,745
"750",1191,1116466,2184802,76301,128624,1379,1474
"751",1192,298220,297299,214289,72123,858,170
"752",1193,1116466,2184802,82239,145290,347,2996
"753",1194,1161570,2251551,124169,232588,560,3047
"754",1195,1459790,2548850,17455,25698,492,7288
"755",1196,787011,1137447,50956,97664,355,1051
"756",1197,1116466,2184802,196337,361565,1231,2350
"757",1198,741907,1070698,71027,137467,613,2035
"758",1199,2741446,700168,180633,293269,458,188
"759",1200,626285,321361,64936,37720,76,63
"760",1201,1680288,3479723,261688,401546,1332,1517
"761",1203,1680288,3479723,303301,444063,1236,2595
"762",1204,661744,325490,136559,94696,430,261
"763",1205,514973,533134,183029,442779,704,1018
"764",1206,1599890,905042,279156,290177,1074,961
"765",1207,279064,119515,147008,65617,656,137
"766",1208,542433,430076,220643,260568,1708,834
"767",1209,703773,507942,44912,86926,3046,3014
"768",1210,703773,507942,477088,1249427,3540,6752
"769",1211,588310,367930,240892,300464,2038,2313
"770",1212,1505244,1502272,231880,269235,2374,996
"771",1213,785451,730270,124142,71467,923,352
"772",1214,1444875,1312025,121651,263285,1157,1194
"773",1215,241405,304515,76448,116237,597,648
"774",1217,1163784,2645278,267410,350822,808,164
"775",1218,785451,730270,97682,86254,918,1028
"776",1220,1084917,371908,280971,110922,2225,690
"777",1221,1084917,371908,379617,140893,1917,403
"778",1222,1084917,371908,267909,327055,1345,1230
"779",1224,1599890,905042,253591,236726,897,898
"780",1226,703773,507942,123247,124568,1132,820
"781",1227,966256,527434,136277,82406,1085,384
"782",1228,661744,325490,245334,136838,1033,634
"783",1229,661744,325490,123831,82332,683,470
"784",1230,1203470,1007510,263779,175896,423,183
"785",1231,703773,507942,542654,1291100,903,1174
"786",1232,1084917,371908,435399,883574,188,706
"787",1233,1084917,371908,431918,536753,400,336
"788",1235,1084917,371908,355680,319461,926,1006
"789",1239,1163784,2645278,56806,61596,553,1008
"790",1240,1163784,2645278,56806,61596,229,396
"791",1241,1163784,2645278,196980,164368,212,126
"792",1242,1163784,2645278,183027,161073,54,278
"793",1243,1670891,3523842,202950,198341,1048,6581
"794",1244,1163784,2645278,368306,307032,965,776
"795",1245,1163784,2645278,395952,469837,991,998
"796",1246,1723317,2918329,230729,329014,1138,1380
"797",1247,1163784,2645278,396664,474482,501,1235
"798",1248,241405,304515,85729,66483,1186,632
"799",1249,514973,533134,138741,65217,1436,339
"800",1250,1591323,2122475,59754,64891,242,685
"801",1251,998137,623708,477881,353082,1224,1154
"802",1253,1444875,1312025,122564,269330,564,319
"803",1256,1270461,3223945,294177,267631,323,315
"804",1257,1680288,3479723,297075,501613,732,681
"805",1258,2119019,3851644,292606,183058,319,74
"806",1259,785451,730270,94039,91031,878,837
"807",1260,785451,730270,172493,76574,1061,344
"808",1262,998137,623708,530651,415606,995,605
"809",1263,755342,679708,157405,64914,318,86
"810",1264,1572260,911918,294064,416318,1024,872
"811",1265,1670891,3523842,279828,365346,2033,1904
"812",1266,1163784,2645278,112161,144230,154,179
"813",1267,241405,304515,85729,66483,715,1483
"814",1268,703773,507942,146093,152013,1088,1850
"815",1269,1084917,371908,214168,302085,658,281
"816",1271,848558,627699,260532,229070,475,601
"817",1274,542433,430076,196370,208010,418,296
"818",1275,304512,201944,177275,77073,522,466
"819",1277,848558,627699,211499,106892,699,746
"820",1278,703773,507942,186748,297961,528,3308
"821",1279,279064,119515,227408,44960,322,89
"822",1280,279064,119515,142498,32548,854,138
"823",1282,687192,407919,358548,188011,1277,539
"824",1283,1089963,932214,125307,84313,238,97
"825",1285,0,0,150238,62433,573,149
"826",1286,0,0,155873,52000,487,380
"827",1287,0,0,245192,86546,375,122
"828",1288,408442,1965570,224966,164048,2010,961
"829",1289,542433,430076,56996,26512,345,607
"830",1290,0,0,201583,67343,858,112
"831",1291,382983,270534,70940,123515,247,1806
"832",1293,588310,367930,323678,140997,1509,579
"833",1295,703773,507942,477088,1249427,622,3629
"834",1296,588310,367930,285362,380913,383,160
"835",1297,588310,367930,216881,349377,724,475
"836",1299,382983,270534,22967,74512,629,381
"837",1300,0,0,172823,57446,430,167
"838",1302,324258,1666354,623366,602998,460,280
"839",1303,459085,307499,706363,729855,1103,187
"840",1304,0,0,70078,54956,306,31
"841",1305,459085,307499,630219,682254,830,518
"842",1306,324258,1666354,550978,482744,655,253
"843",1308,1349252,2133888,202962,300829,1597,3986
"844",1313,NA,NA,NA,NA,NA,97
"845",1314,0,0,536143,243202,389,85
"846",1315,0,0,149614,201284,92,73
"847",1316,0,0,147982,188308,154,47
"848",1317,NA,NA,NA,NA,NA,1
"849",1318,1203704,460325,626381,797816,451,492
"850",1319,1203704,460325,557432,469803,1177,575
"851",1320,0,0,665858,502301,1386,448
"852",1321,0,0,287775,315626,1658,1180
"853",1322,0,0,451237,392385,1338,382
"854",1323,0,0,100255,136490,529,240
"855",1325,449903,220482,72709,117668,237,349
"856",1326,449903,220482,72709,117668,366,121
"857",1327,449903,220482,97690,119830,375,235
"858",1328,0,0,126145,175509,911,1173
"859",1332,2221790,991334,328128,535351,791,372
"860",1333,1605581,576062,206916,278086,522,550
"861",1334,1605581,576062,403705,523992,336,319
"862",1336,459085,307499,942493,944299,975,247
"863",1337,459085,307499,716159,782463,803,457
"864",1338,698933,400733,434530,424426,983,311
"865",1339,1372927,441155,904564,944052,462,280
"866",1340,410529,246832,174282,207072,206,118
"867",1342,0,0,171778,174824,141,23
"868",1343,324258,1666354,571129,543578,390,241
"869",1344,0,0,480226,268294,281,236
"870",1346,2576631,901480,339815,136834,885,59
"871",1347,1203704,460325,540261,651844,870,44
"872",1348,1203704,460325,804312,909371,233,492
"873",1349,0,0,370793,229570,124,122
"874",1351,1589100,2227122,395162,507764,1122,642
"875",1352,698933,400733,416808,318950,673,38
"876",1353,1203704,460325,969788,934789,234,10
"877",1354,0,0,419717,513955,1331,1740
"878",1355,459085,307499,574396,479046,1322,492
"879",1357,0,0,372418,240217,266,29
"880",1358,0,0,533987,261068,241,89
"881",1359,0,0,222945,95659,230,89
"882",1360,0,0,604217,269369,242,128
"883",1361,0,0,112512,207114,1213,202
"884",1362,698933,400733,433854,376965,726,398
"885",1363,1168629,1649018,319541,327913,1835,229
"886",1364,324258,1666354,680285,639272,819,155
"887",1365,0,0,127190,121906,280,57
"888",1366,0,0,85846,90894,325,57
"889",1367,1203704,460325,777303,870297,210,260
"890",1368,459085,307499,629577,710179,853,570
"891",1369,2576631,901480,525080,768870,267,451
"892",1370,0,0,63908,73436,362,84
"893",1372,420471,578104,225508,337627,602,1661
"894",1373,0,0,245583,241252,457,524
"895",1375,0,0,435467,392943,782,475
"896",1376,0,0,59612,93997,8,230
"897",1377,0,0,104900,165081,82,413
"898",1401,2368895,950610,248730,213459,684,486
"899",1402,385594,244397,258864,217919,561,200
"900",1403,925137,370763,289107,209025,924,908
"901",1404,1893058,729152,437484,354719,809,686
"902",1405,333280,177643,278757,315938,910,793
"903",1406,83267,103270,58940,78496,72,60
"904",1407,1213217,595030,247266,156282,701,263
"905",1408,1849466,880644,206277,136642,492,500
"906",1410,1258475,451973,323609,305570,243,13
"907",1411,1590089,621181,496061,714225,341,276
"908",1412,967921,358389,456817,657084,108,248
"909",1413,0,0,158527,309155,290,426
"910",1414,2226396,810362,395312,374470,825,591
"911",1416,1590089,621181,291462,433383,312,388
"912",1418,30953,36516,123980,25914,918,34
"913",1420,30953,36516,259117,330732,509,324
"914",1421,83267,103270,192077,70103,341,493
"915",1422,30953,36516,80593,22853,59,22
"916",1424,83267,103270,58940,78496,70,142
"917",1425,1810692,691413,323294,278402,152,204
"918",1426,1863665,700665,158519,104840,317,16
"919",1427,1863665,700665,169051,119460,267,28
"920",1428,1213217,595030,126212,113901,537,415
"921",1429,925137,370763,389892,361638,450,141
"922",1430,333280,177643,384116,271677,663,687
"923",1431,364233,214159,512000,314342,380,539
"924",1433,1522145,550521,432743,384827,459,756
"925",1434,1258475,451973,241039,256325,914,242
"926",1435,83267,103270,341368,110897,117,57
"927",1436,83267,103270,204915,155727,390,92
"928",1437,1810692,691413,250829,159123,591,84
"929",1438,30953,36516,190821,315608,778,2002
"930",1440,1810692,691413,268770,111642,798,671
"931",1441,30953,36516,117861,30792,1506,30
"932",1442,925137,370763,492152,493332,625,706
"933",1443,333280,177643,412287,307899,323,225
"934",1444,1020894,367641,224354,104838,1046,172
"935",1445,1258475,451973,168622,143143,154,141
"936",1446,1256809,443538,281941,209962,1120,1477
"937",1447,1810692,691413,387587,516334,898,1134
"938",1448,1301201,536032,250929,364830,862,721
"939",1449,2226338,906795,285694,417041,828,794
"940",1450,616209,415272,174447,334504,576,753
"941",1451,650240,385436,410800,312798,980,703
"942",1452,0,0,269581,127589,1469,308
"943",1453,52314,66754,94961,97935,174,49
"944",1454,1233257,465372,140051,83294,789,317
"945",1455,2226338,906795,294976,430707,768,1036
"946",1456,333280,177643,182825,109025,444,260
"947",1457,967921,358389,442399,505760,511,99
"948",1458,333280,177643,321043,361229,468,445
"949",1459,333280,177643,321043,361229,613,69
"950",1501,0,0,274983,361714,598,517
"951",1503,0,0,950201,1583251,686,1523
"952",1504,0,0,208107,147399,381,177
"953",1506,0,0,245290,118521,517,491
"954",1509,0,0,408552,269703,456,302
"955",1510,0,0,417156,280603,248,153
"956",1511,0,0,487639,279894,261,38
"957",1512,1866446,379132,411488,430146,654,310
"958",1513,0,0,941454,1566384,38,275
"959",1514,0,0,962880,1516530,472,1015
"960",1515,1372927,441155,431224,384813,358,137
"961",1516,0,0,251078,124380,296,355
"962",1518,0,0,383717,167614,228,166
"963",1519,0,0,441010,178105,315,142
"964",1520,0,0,862041,1439688,233,177
"965",1522,0,0,151778,171006,209,48
"966",1525,0,0,340405,458770,187,577
"967",1526,0,0,993206,1453620,361,272
"968",1527,0,0,470661,569857,371,472
"969",1528,1372927,441155,489301,171728,495,37
"970",1529,0,0,274254,392679,679,917
"971",1530,0,0,353833,315659,660,466
"972",1531,1372927,441155,730875,1253329,694,666
"973",1532,0,0,459873,239729,356,370
"974",1533,0,0,488970,231936,558,657
"975",1534,0,0,162873,73402,131,161
"976",1535,0,0,789012,1362569,687,1033
"977",1536,0,0,348633,253831,345,393
"978",1537,0,0,92238,66139,226,63
"979",1538,0,0,156129,96284,379,184
"980",1539,0,0,208178,190013,327,480
"981",1540,0,0,359897,197199,185,212
"982",1541,0,0,238875,149941,251,42
"983",1542,0,0,311207,179115,317,228
"984",1543,0,0,256421,209156,568,183
"985",1545,0,0,245398,122701,172,59
"986",1546,1372927,441155,890289,1344468,216,214
"987",1547,1372927,441155,101499,98201,238,25
"988",1548,0,0,118702,30375,141,41
"989",1601,2632319,1238166,382779,566759,794,658
"990",1602,1566207,602412,146723,194076,549,386
"991",1603,0,0,368606,206273,695,318
"992",1605,1636657,745921,204117,192183,527,800
"993",1606,2368895,950610,212622,222142,367,454
"994",1608,616209,415272,257286,261936,1690,1471
"995",1610,616209,415272,212903,375178,1095,801
"996",1611,0,0,239214,274986,766,1900
"997",1616,1226128,499089,361938,393898,1292,853
"998",1617,2076409,888709,276096,282641,940,198
"999",1619,0,0,333166,197004,358,369
"1000",1620,850281,389620,204829,186916,832,334
"1001",1623,2076409,888709,346637,411846,439,962
"1002",1625,1111986,265434,218514,394462,1832,2334
"1003",1627,904126,353348,132342,173166,143,161
"1004",1628,1351131,350077,224341,173582,520,114
"1005",1630,904126,353348,141965,173743,211,154
"1006",1634,1766663,447056,76575,29622,846,301
"1007",1635,654677,181622,44896,12397,298,55
"1008",1636,2150219,1360298,229318,336551,800,1654
"1009",1637,1299938,970678,266618,581540,726,1189
"1010",1639,904126,353348,84975,132776,476,99
"1011",1640,1026738,662104,141099,74632,639,278
"1012",1641,2182416,1017684,135233,57468,582,111
"1013",1642,0,0,126225,139892,370,494
"1014",1643,2368895,950610,241923,236738,730,730
"1015",1646,133387,64659,7733,49148,293,91
"1016",1650,2076409,888709,216214,299096,652,678
"1017",1651,1351131,350077,246859,111567,236,316
"1018",1652,904126,353348,84655,142882,170,221
"1019",1653,1299938,970678,215181,502341,925,1169
"1020",1654,1766663,447056,109916,201109,296,229
"1021",1655,970693,351632,192608,167139,1416,673
"1022",1656,2411924,1236112,231199,404183,1136,938
"1023",1657,2470079,1510163,145712,353088,116,2719
"1024",1659,850281,389620,291408,167665,596,350
"1025",1660,970693,351632,152294,139039,328,381
"1026",1661,2150219,1360298,243732,359587,470,738
"1027",1662,1299938,970678,240363,486301,319,851
"1028",1663,2016110,822894,253041,311542,591,1918
"1029",1664,850281,389620,225499,129397,185,43
"1030",1665,0,0,280224,166906,299,201
"1031",1666,2411924,1236112,204139,254408,759,399
"1032",1667,1111986,265434,225324,140109,894,186
"1033",1668,850281,389620,236040,362213,1191,1768
"1034",1669,1820974,741252,194315,278585,1071,1204
"1035",1670,1820974,741252,197297,163335,874,870
"1036",1671,665964,394289,327234,261140,614,482
"1037",1672,806803,286459,58891,30692,1006,61
"1038",1673,1299938,970678,267998,607361,603,1511
"1039",1674,2470079,1510163,157951,373151,534,1037
"1040",1675,665964,394289,294415,250748,66,95
"1041",1677,0,0,101789,121508,331,613
"1042",1678,2150219,1360298,204764,309697,206,728
"1043",1679,0,0,4905,8873,67,274
"1044",1680,0,0,7202,37730,16,119
"1045",1681,0,0,164287,67971,900,192
"1046",1682,1111986,265434,151596,233643,995,264
"1047",1683,0,0,298370,167167,872,329
"1048",1684,2368895,950610,234920,241539,578,811
"1049",1685,0,0,281800,119937,758,328
"1050",1686,2015666,1104992,188026,193451,700,361
"1051",1688,715728,134314,201132,155236,854,264
"1052",1689,715728,134314,202793,156300,476,214
"1053",1690,2015666,1104992,274880,528833,310,463
"1054",1691,3127652,1370426,260144,230976,408,578
"1055",1692,1827714,399748,289552,118621,510,109
"1056",1693,0,0,179487,150121,141,365
"1057",1702,1438736,605000,132464,111315,358,226
"1058",1703,806803,286459,119878,208314,89,250
"1059",1705,412054,249138,357576,273594,270,638
"1060",1706,412054,249138,310842,285974,410,430
"1061",1707,3036587,918617,290296,427296,419,262
"1062",1708,1170141,539485,473896,374569,460,444
"1063",1709,1866446,379132,354258,982797,436,802
"1064",1712,NA,NA,NA,NA,NA,422
"1065",1713,1866446,379132,300266,124912,599,117
"1066",1714,3305182,984132,134434,77969,153,68
"1067",1715,0,0,161553,186551,357,280
"1068",1716,2470079,1510163,250008,447143,374,782
"1069",1717,2470079,1510163,196330,362701,86,120
"1070",1719,680777,386723,269613,225753,365,103
"1071",1720,1127782,383452,237622,149477,624,728
"1072",1721,1438736,605000,269632,464554,551,1479
"1073",1722,1170141,539485,274248,319326,428,395
"1074",1723,0,0,330944,89868,410,364
"1075",1725,3305182,984132,69575,49728,308,241
"1076",1726,0,0,529261,265815,692,143
"1077",1727,268723,137585,92638,69598,111,319
"1078",1728,904126,353348,157721,123352,168,301
"1079",1729,1075526,424044,147173,88456,591,115
"1080",1730,1075526,424044,209686,223721,43,67
"1081",1731,1075526,424044,206457,206460,91,80
"1082",1732,412054,249138,253895,229206,218,198
"1083",1733,412054,249138,410197,282990,539,511
"1084",1734,0,0,541328,195921,1172,162
"1085",1735,904126,353348,156436,137519,341,144
"1086",1736,3036587,918617,288129,605226,230,419
"1087",1737,0,0,452559,156555,653,371
"1088",1738,1438736,605000,128320,100155,697,364
"1089",1739,NA,NA,NA,NA,NA,2
"1090",1741,1866446,379132,547078,961296,815,395
"1091",1742,0,0,304693,89490,639,213
"1092",1804,526998,1228044,235270,317914,1863,1046
"1093",1805,955740,8213705,563110,556172,434,2758
"1094",1806,955740,8213705,101238,285381,383,2354
"1095",1808,1008386,8143275,153548,552842,36,2528
"1096",1809,526998,1228044,61783,217005,53,1685
"1097",1812,955740,8213705,458981,752470,135,778
"1098",1814,526998,1228044,758817,770781,1054,263
"1099",1816,0,0,205476,154538,241,55
"1100",1819,573330,379515,434784,411935,548,506
"1101",1820,585989,248499,222187,184708,147,190
"1102",1821,573330,379515,588634,401386,302,78
"1103",1822,573330,379515,481016,370110,487,246
"1104",1823,573330,379515,346160,371965,689,24
"1105",1824,526998,1228044,119153,82902,1531,515
"1106",1825,573330,379515,186644,208603,816,65
"1107",1826,573330,379515,140388,40515,524,248
"1108",1827,573330,379515,280252,284728,1495,818
"1109",1828,0,0,667349,562903,593,123
"1110",1829,526998,1228044,525492,670094,661,204
"1111",1830,526998,1228044,495724,640699,1529,1041
"1112",1831,0,0,748942,827847,704,292
"1113",1833,526998,1228044,256284,380271,2035,1815
"1114",1834,481388,6915231,597716,715084,748,5594
"1115",1835,481388,6915231,494474,942168,640,1401
"1116",1836,0,0,28465,18258,361,20
"1117",1839,481388,6915231,442405,787819,318,4765
"1118",1840,1008386,8143275,255077,412026,573,1096
"1119",1841,481388,6915231,572377,637216,1574,468
"1120",1842,0,0,441907,139277,697,19
"1121",1843,0,0,445501,306133,540,208
"1122",1845,1100328,1607559,131779,48597,1326,70
"1123",1846,1100328,1607559,473657,431701,2806,155
"1124",1847,1100328,1607559,213276,70508,393,65
"1125",1848,481388,6915231,231932,733663,103,4147
"1126",1849,955740,8213705,657889,788182,321,463
"1127",1850,955740,8213705,725882,868516,347,1314
"1128",1851,955740,8213705,557478,539380,2023,2246
"1129",1852,0,0,387288,182154,343,42
"1130",1853,526998,1228044,788876,858023,378,217
"1131",1854,2427218,3230030,506112,580558,783,86
"1132",1855,573330,379515,235142,192243,38,31
"1133",1856,2427218,3230030,544698,464718,1055,334
"1134",1857,1100328,1607559,182623,60803,515,14
"1135",1858,585989,248499,239327,213104,131,48
"1136",1859,526998,1228044,229340,356601,352,1501
"1137",1901,572631,1139058,288831,337352,633,825
"1138",1904,2131187,1863776,98998,54730,2194,784
"1139",1906,2131187,1863776,578905,1062149,2613,2944
"1140",1907,323126,224597,205661,151092,1123,211
"1141",1908,323126,224597,131394,46579,1552,863
"1142",1910,531906,1066589,520245,514927,236,106
"1143",1911,2427218,3230030,842665,1867993,4590,5534
"1144",1912,474352,1298474,150264,160211,665,920
"1145",1913,474352,1298474,290591,366585,300,395
"1146",1914,0,0,353129,479119,1679,1385
"1147",1916,474352,1298474,371644,492631,293,114
"1148",1920,2622368,2857896,424563,689091,481,562
"1149",1924,2427218,3230030,516909,601362,1186,163
"1150",1925,1541279,560374,191925,197738,1789,1685
"1151",1928,323126,224597,189149,196953,610,542
"1152",1929,0,0,250541,87613,372,350
"1153",1930,1864613,496393,320037,304196,380,353
"1154",1931,1218153,335777,663150,813537,841,456
"1155",1933,646460,160616,418744,156344,985,107
"1156",1936,1218153,335777,660100,806886,125,222
"1157",1937,1493852,355812,214460,86961,475,120
"1158",1941,1252910,318646,230914,156328,548,546
"1159",1943,0,0,190898,384895,82,186
"1160",1946,531906,1066589,504825,512550,703,1375
"1161",1951,606450,158030,149121,60372,498,38
"1162",1952,2100302,513842,60325,21656,903,451
"1163",1953,606450,158030,105123,214031,301,242
"1164",1955,2427218,3230030,873707,1807181,1369,2280
"1165",1956,2663093,2930365,116392,97367,507,738
"1166",1957,323126,224597,192852,88520,1425,438
"1167",1958,0,0,433450,546659,1045,551
"1168",1959,531906,1066589,410217,513587,997,728
"1169",1960,2622368,2857896,304104,322961,1230,707
"1170",1961,2090462,1791307,628501,1091161,1473,2868
"1171",1962,3382958,11443735,222341,669347,666,3294
"1172",1964,1541279,560374,282899,293553,382,657
"1173",1965,1218153,335777,571280,766304,285,318
"1174",1966,1541279,560374,424236,634583,709,174
"1175",1967,0,0,325635,137162,199,78
"1176",1968,646460,160616,378349,197571,216,92
"1177",1969,0,0,82792,109099,110,63
"1178",1971,0,0,275814,466448,61,90
"1179",1973,606450,158030,106813,190534,177,43
"1180",1974,2622368,2857896,272786,336943,295,629
"1181",1975,474352,1298474,267023,391272,953,535
"1182",1976,955740,8213705,347760,317011,470,61
"1183",1977,606450,158030,98846,212011,279,1207
"1184",1979,323126,224597,178663,96481,466,31
"1185",1981,606450,158030,128549,28838,842,140
"1186",1983,2622368,2857896,474361,503649,389,236
"1187",1984,0,0,351221,367799,538,1204
"1188",1985,0,0,343315,379222,2024,1985
"1189",1986,2901570,4528504,85379,409317,340,7749
"1190",1987,1218153,335777,251286,286453,1391,190
"1191",1988,391332,128292,371883,156820,1777,458
"1192",1991,646460,160616,385642,212576,642,244
"1193",1992,606450,158030,229655,153630,33,190
"1194",1993,606450,158030,176319,159330,163,103
"1195",1994,323126,224597,284785,388928,859,205
"1196",1996,323126,224597,68669,37255,939,403
"1197",1998,323126,224597,280136,388302,316,560
"1198",1999,0,0,292078,229006,141,39
"1199",2000,2733230,3249736,373240,543176,582,253
"1200",2002,1772483,1385342,261767,220608,1610,521
"1201",2003,1772483,1385342,456286,422952,289,609
"1202",2007,2757418,2573138,368862,475000,721,1129
"1203",2008,631319,1000654,707197,473267,425,53
"1204",2009,2040425,1249232,541637,464295,869,597
"1205",2012,4124072,3695726,272307,349262,244,387
"1206",2013,2701498,1888573,529887,341491,1260,254
"1207",2015,1428438,978822,731533,441006,1483,417
"1208",2016,1428438,978822,811649,529788,1439,681
"1209",2020,1174767,557426,574012,367696,542,352
"1210",2024,1174767,557426,552901,422142,525,306
"1211",2025,245752,54195,340998,278199,1228,865
"1212",2026,0,0,410619,291240,286,259
"1213",2027,245752,54195,246638,312052,282,862
"1214",2028,NA,NA,NA,NA,NA,26
"1215",2032,4096645,2267732,520860,480877,554,794
"1216",2033,4096645,2267732,323147,466786,357,355
"1217",2034,2500132,1499516,453978,457277,516,276
"1218",2036,927969,645240,315303,246070,286,269
"1219",2037,74869,83468,41024,71909,77,223
"1220",2038,0,0,48755,76321,91,83
"1221",2040,0,0,223502,76619,93,18
"1222",2041,743413,206444,348839,178353,199,68
"1223",2048,1596513,768216,208654,58634,401,77
"1224",2050,2126099,1572484,502483,1403526,1275,2662
"1225",2054,2947250,1942768,600685,1240119,528,263
"1226",2056,2694691,1265876,268136,199470,1177,1255
"1227",2057,1174767,557426,449826,257549,388,40
"1228",2058,1772483,1385342,535769,1422095,536,911
"1229",2059,2040425,1249232,333655,362633,975,2055
"1230",2060,1596513,768216,223425,169328,599,310
"1231",2061,0,0,223502,76619,107,23
"1232",2062,743413,206444,348839,178353,194,119
"1233",2063,1599235,6098524,798820,602388,1413,1403
"1234",2064,0,0,320430,202517,175,22
"1235",2065,631319,1000654,879962,668800,1393,479
"1236",2066,4124072,3695726,278238,350247,738,2052
"1237",2067,2040425,1249232,336796,406026,783,1018
"1238",2068,743413,206444,281642,109488,67,9
"1239",2069,575399,316089,410366,438248,139,114
"1240",2070,1772483,1385342,535769,1422095,411,780
"1241",2071,1596513,768216,305513,124637,146,6
"1242",2102,4147666,832026,939196,2073419,2497,2669
"1243",2103,1696854,465696,157016,127901,1821,320
"1244",2104,2500132,1499516,464767,455659,538,262
"1245",2105,1696854,465696,593176,475235,1050,425
"1246",2106,0,0,678663,190630,2135,360
"1247",2107,1501088,348253,516194,176020,3668,704
"1248",2108,1501088,348253,352861,487851,662,485
"1249",2109,5648754,1180279,324210,227125,1854,264
"1250",2110,2427218,3230030,1004558,1983257,344,1017
"1251",2111,0,0,870906,1126006,156,236
"1252",2112,1501088,348253,765125,1020949,351,273
"1253",2113,4124072,3695726,848369,1751765,299,595
"1254",2115,2427218,3230030,675642,1196279,905,703
"1255",2116,1501088,348253,770582,1017554,113,170
"1256",2119,0,0,800005,678271,422,415
"1257",2122,1665228,581394,519070,451871,385,450
"1258",2127,0,0,297847,96017,231,29
"1259",2128,0,0,823883,1060343,110,160
"1260",2129,0,0,49658,73867,302,372
"1261",2130,1665228,581394,41238,74532,74,95
"1262",2135,4147666,832026,1004450,2111583,747,1759
"1263",2136,4147666,832026,1008713,2112757,391,1091
"1264",2137,5648754,1180279,327584,246966,287,313
"1265",2139,0,0,755705,383885,1588,469
"1266",2140,5648754,1180279,427300,470758,1683,522
"1267",2141,0,0,612535,290567,521,61
"1268",2143,0,0,509941,258080,551,88
"1269",2144,0,0,538032,302085,1146,365
"1270",2145,1501088,348253,612978,555567,787,163
"1271",2148,1665228,581394,476127,457186,598,461
"1272",2153,NA,NA,NA,NA,NA,172
"1273",2156,4124072,3695726,489815,433771,1029,569
"1274",2157,NA,NA,NA,NA,NA,515
"1275",2159,1665228,581394,364161,352227,224,163
"1276",2160,1501088,348253,585537,783785,215,320
"1277",2164,5648754,1180279,1094128,1959039,665,311
"1278",2165,1665228,581394,443898,433183,175,72
"1279",2167,1665228,581394,443898,433183,251,74
"1280",2169,1501088,348253,296854,467651,681,412
"1281",2170,1696854,465696,442865,381851,851,437
"1282",2171,1501088,348253,879755,1120069,237,462
"1283",2172,0,0,269243,272960,246,859
"1284",2173,4147666,832026,626944,866103,1332,3531
"1285",2174,4147666,832026,791725,854388,234,330
"1286",2175,4147666,832026,1060606,2121388,93,63
"1287",2176,1696854,465696,264341,444132,1400,389
"1288",2177,1696854,465696,239629,478230,2647,4085
"1289",2178,0,0,83575,298763,130,815
"1290",2179,1501088,348253,330004,495384,269,342
"1291",2180,4147666,832026,984877,1851854,566,191
"1292",2183,0,0,712954,319824,2970,1293
"1293",2184,1501088,348253,591207,219699,319,27
"1294",2185,0,0,522898,222960,185,46
"1295",2201,0,0,14357,6509,129,123
"1296",2202,0,0,31021,16827,1022,2092
"1297",2203,0,0,33514,22966,100,114
"1298",2205,0,0,125077,53268,890,209
"1299",2206,0,0,123359,53056,1390,435
"1300",2207,0,0,85708,33798,159,118
"1301",2210,2024912,4278330,230690,170673,205,130
"1302",2211,1482402,2627904,118259,163952,339,316
"1303",2212,1784725,5864714,138153,48895,212,170
"1304",2213,1269376,2368899,365740,477875,771,689
"1305",2214,1344245,2452367,205356,191022,392,299
"1306",2215,1344245,2452367,217876,260369,153,190
"1307",2217,1674073,2688366,85745,49852,743,394
"1308",2219,1768032,2793788,519797,526267,979,1775
"1309",2220,168828,188890,217159,199497,864,725
"1310",2221,852316,2017082,377852,240048,333,640
"1311",2222,3353232,2061288,574319,549388,731,821
"1312",2223,2500132,1499516,231807,213919,239,216
"1313",2225,485123,981991,54018,89591,65,124
"1314",2226,485123,981991,69117,89811,115,84
"1315",2227,1705416,2578854,376466,268818,474,684
"1316",2228,1220293,1596863,546769,389495,897,836
"1317",2229,1220293,1596863,513545,395087,234,213
"1318",2230,1220293,1596863,512098,468895,1268,890
"1319",2231,1477740,5500287,864804,898013,898,1986
"1320",2233,926547,4262427,171252,181811,495,127
"1321",2235,485123,981991,450989,455264,500,277
"1322",2237,0,0,347708,482668,706,362
"1323",2239,309741,1596148,249295,218962,213,662
"1324",2241,256311,871710,699695,539503,274,439
"1325",2242,0,0,1385815,880931,1280,945
"1326",2243,0,0,1292507,957232,1339,707
"1327",2244,0,0,184250,471835,795,1285
"1328",2245,0,0,71118,181599,700,1029
"1329",2246,0,0,174794,193500,411,1783
"1330",2247,0,0,180228,97937,2022,539
"1331",2248,0,0,139489,77926,1398,145
"1332",2249,0,0,106903,43396,848,163
"1333",2250,0,0,111449,45424,1047,103
"1334",2251,0,0,236923,186469,825,1390
"1335",2252,0,0,47641,61799,361,3097
"1336",2255,0,0,294712,301984,2895,2794
"1337",2256,0,0,244381,323564,205,783
"1338",2257,0,0,48392,287467,26,449
"1339",2258,0,0,278499,183195,300,247
"1340",2259,984831,3386306,111764,54852,593,570
"1341",2262,767645,1871807,132667,48597,923,364
"1342",2263,0,0,116804,161762,1189,1049
"1343",2264,1220293,1596863,487490,368189,906,871
"1344",2265,927969,645240,334603,262836,514,558
"1345",2266,309741,1596148,275415,220158,419,499
"1346",2268,1828579,7090251,882567,640475,241,311
"1347",2269,1118484,3461771,248156,219314,239,145
"1348",2270,0,0,33794,17703,164,263
"1349",2271,852316,2017082,303787,198222,443,193
"1350",2272,309741,1596148,373012,337825,184,316
"1351",2273,0,0,184250,471835,522,1613
"1352",2274,0,0,293632,296204,1131,1002
"1353",2275,0,0,27062,123426,86,34
"1354",2276,0,0,156195,368557,636,1009
"1355",2277,984831,3386306,251057,250891,407,409
"1356",2279,309741,1596148,245414,188129,461,855
"1357",2280,309741,1596148,326377,444754,385,599
"1358",2281,2500132,1499516,472851,463682,228,226
"1359",2282,485123,981991,118666,184332,214,61
"1360",2283,1705416,2578854,311369,153268,269,130
"1361",2284,68726,74884,99089,46220,111,411
"1362",2285,0,0,76742,20696,1446,83
"1363",2286,0,0,54625,29942,33,5
"1364",2287,0,0,72943,67211,19,25
"1365",2288,0,0,85842,35936,29,15
"1366",2289,68726,74884,99089,46220,253,16
"1367",2290,1269376,2368899,103766,210823,360,833
"1368",2292,926547,4262427,277655,455901,226,243
"1369",2293,256311,871710,1326698,824470,606,479
"1370",2294,0,0,391906,533855,910,744
"1371",2297,309741,1596148,385915,446794,176,203
"1372",2298,1828579,7090251,857234,590915,261,81
"1373",2299,0,0,324053,400439,631,675
"1374",2301,645883,3358577,110002,145926,497,767
"1375",2302,1939719,7614958,960670,559616,786,450
"1376",2303,1829203,6940093,813193,617138,716,588
"1377",2304,758474,5990154,148824,246835,437,293
"1378",2305,915124,7009793,99776,415113,72,1418
"1379",2306,376894,1911659,418180,414046,1531,587
"1380",2307,487330,2765533,248562,314421,284,551
"1381",2308,487330,2765533,429735,428801,136,668
"1382",2309,573333,4417241,515010,204733,497,101
"1383",2310,378704,2857672,169593,369288,134,409
"1384",2311,713734,5226096,496195,337635,456,127
"1385",2312,432705,3511170,692563,308082,460,344
"1386",2313,225926,2001111,135316,351705,248,892
"1387",2314,353566,3098838,317289,220336,520,401
"1388",2315,432705,3511170,465830,701454,1667,1968
"1389",2316,721752,2043193,619447,939138,875,2689
"1390",2317,642613,1630861,40673,99426,356,1212
"1391",2318,432705,3511170,270702,391451,321,831
"1392",2319,756538,6904529,393750,840371,180,768
"1393",2320,1189529,1741589,161448,180408,361,345
"1394",2321,1109028,999154,199971,90373,464,337
"1395",2322,642613,1630861,627215,1138994,257,1037
"1396",2323,429239,455867,139562,309126,92,835
"1397",2324,429239,455867,168355,325911,380,505
"1398",2325,1033159,1563833,278051,248090,395,691
"1399",2326,1257579,6327855,176122,339849,277,280
"1400",2327,926547,4262427,502848,917706,757,2317
"1401",2328,1236226,11507334,104584,286724,509,693
"1402",2329,1236226,11507334,134579,372210,140,481
"1403",2330,612098,5238680,239795,398132,510,519
"1404",2331,1245343,10347800,168052,344088,558,569
"1405",2332,1109096,7202017,541096,473338,844,931
"1406",2333,0,0,1392218,888211,1421,362
"1407",2334,921447,2088518,198935,312962,153,200
"1408",2335,581650,1502158,207603,203478,818,1182
"1409",2336,921447,2088518,305503,287563,253,115
"1410",2337,1109028,999154,133013,69196,313,92
"1411",2339,636019,1567271,90918,61199,534,119
"1412",2340,0,0,303544,522385,854,1900
"1413",2341,299187,313389,195160,110372,209,48
"1414",2342,639004,539486,114409,109539,717,1086
"1415",2343,0,0,135035,72095,82,119
"1416",2344,0,0,209900,79017,558,102
"1417",2347,427794,4244260,315869,446725,169,484
"1418",2348,756538,6904529,221600,817519,316,5724
"1419",2349,1016686,10286147,300491,503661,575,342
"1420",2350,921447,2088518,312144,303768,267,128
"1421",2351,299187,313389,162490,109301,84,78
"1422",2352,427794,4244260,254483,381736,142,365
"1423",2353,647334,5465447,444315,286338,1007,185
"1424",2354,432705,3511170,692563,308082,405,135
"1425",2355,206779,1510059,619781,1017164,858,2210
"1426",2356,792873,5638428,626009,218877,380,435
"1427",2357,1016686,10286147,139353,405393,252,406
"1428",2358,310680,936823,95596,74682,313,102
"1429",2359,0,0,381253,480284,729,316
"1430",2360,612098,5238680,248387,415452,423,450
"1431",2361,376894,1911659,418180,414046,500,382
"1432",2362,645701,5201879,352108,412780,218,428
"1433",2363,805409,5599039,78594,359951,325,159
"1434",2364,804688,6155919,78313,417600,308,577
"1435",2365,755598,4769331,93272,400227,66,557
"1436",2368,256311,871710,205071,320421,281,111
"1437",2369,628898,5806802,526505,903267,528,622
"1438",2370,1582918,6958303,379970,262135,432,267
"1439",2371,758474,5990154,415231,338833,786,97
"1440",2372,1398392,1961237,202833,153108,353,782
"1441",2373,1058595,1374877,157249,96302,732,200
"1442",2375,1084216,1243911,332718,556523,310,358
"1443",2376,1084216,1243911,332718,556523,91,254
"1444",2377,1084216,1243911,320143,555649,1798,2116
"1445",2380,1342632,11032898,87082,97495,526,639
"1446",2381,1397186,9591186,154843,296290,434,295
"1447",2382,889556,5980830,501883,353421,145,67
"1448",2383,0,0,150728,94318,146,44
"1449",2384,0,0,298650,134148,1913,571
"1450",2385,756841,5726586,401141,269627,587,534
"1451",2386,NA,NA,NA,NA,NA,45
"1452",2387,0,0,141234,76908,822,182
"1453",2388,920513,6736155,550220,222980,878,211
"1454",2389,672040,635587,139710,95013,262,85
"1455",2390,156370,177756,101572,58396,110,37
"1456",2391,0,0,32708,18199,39,10
"1457",2392,0,0,78127,47175,142,6
"1458",2393,0,0,276297,190268,40,72
"1459",2394,54369,65113,122336,68966,9,1
"1460",2395,54369,65113,102103,64245,50,1
"1461",2396,636019,1567271,98090,141830,252,816
"1462",2398,1395752,13747796,196462,299647,783,333
"1463",2401,729328,633227,173126,143213,174,142
"1464",2403,741005,652129,130389,63539,89,48
"1465",2404,1109028,999154,143149,71502,397,311
"1466",2405,700973,5514968,507762,194417,1901,144
"1467",2406,645701,5201879,369443,524828,36,96
"1468",2407,1833527,9867257,817571,872733,405,844
"1469",2408,0,0,58594,15601,747,58
"1470",2409,926547,4262427,615322,1125202,482,759
"1471",2410,1944667,10391964,355382,510202,294,613
"1472",2411,0,0,71812,21733,592,154
"1473",2412,729328,633227,171123,93272,1188,298
"1474",2501,0,0,33160,16979,878,99
"1475",2502,309741,1596148,297167,279568,285,505
"1476",2503,2001911,7379213,759688,556145,567,360
"1477",2504,811499,3097344,415312,398142,142,176
"1478",2505,926547,4262427,700480,1188626,501,857
"1479",2506,3352448,3516598,234073,168405,194,27
"1480",2508,256311,871710,385477,538662,599,1348
"1481",2509,168828,188890,260894,252822,223,585
"1482",2510,0,0,133505,231337,107,196
"1483",2511,4096645,2267732,477991,458932,215,294
"1484",2601,588310,367930,171644,75244,1564,507
"1485",2603,1163784,2645278,282508,346570,609,491
"1486",2604,542433,430076,56996,26512,1076,512
"1487",2605,1314875,952759,67131,112057,319,513
"1488",2606,0,0,90100,44518,290,460
"1489",2607,1314875,952759,67131,112057,241,185
"1490",2608,1292083,875872,202518,594365,307,2272
"1491",2609,382983,270534,39628,101050,47,197
"1492",2610,588310,367930,315449,379235,552,455
"1493",2611,542433,430076,49785,10620,710,268
"1494",2612,1591323,2122475,34183,39410,19,22
"1495",2613,1084917,371908,0,0,943,365
"1496",2614,1897095,1429274,138685,132694,981,351
"1497",2615,1270461,3223945,149499,281398,674,3321
"1498",2616,687192,407919,241810,168658,627,78
"1499",2617,687192,407919,312143,199550,720,129
"1500",2618,1084917,371908,388224,144296,1168,418
"1501",2619,588310,367930,346491,165389,2308,822
"1502",2620,588310,367930,247872,185606,1538,1431
"1503",2621,0,0,91661,93648,1389,1570
"1504",2622,241405,304515,75828,100636,1230,1977
"1505",2701,1109316,1208745,47281,114928,7693,5751
"1506",2702,933613,956695,144338,110643,665,204
"1507",2801,2901570,4528504,80992,407249,67,1296
"1508",3100,1154651,1239610,432885,341066,378,44
"1509",3101,0,0,322695,305658,858,1086
"1510",3102,0,0,229035,232979,1342,425
"1511",3103,1204619,433620,631969,611657,365,268
"1512",3104,1154651,1239610,532207,372372,432,176
"1513",3105,860068,218062,174302,91873,300,48
"1514",3106,0,0,344205,114003,1459,415
"1515",3107,0,0,242107,270671,678,134
"1516",3500,0,0,335556,333654,1401,1011
"1517",3501,0,0,305969,423615,1336,1129
"1518",3502,1020894,367641,221085,143306,816,297
"1519",3503,0,0,23019,27152,46,17
"1520",3504,1586277,1407624,70703,76714,900,738
"1521",3505,1986249,1577655,236044,295632,592,416
"1522",3506,2414597,4726517,239903,116540,791,1139
"1523",3507,1586277,1407624,79228,87943,578,310
"1524",3508,1586277,1407624,358438,285759,2050,1990
"1525",3509,0,0,234904,144529,2582,1789
"1526",3510,1020894,367641,137805,87433,558,61
"1527",3511,826643,886880,316866,107062,2040,811
"1528",3513,1408877,591193,327707,372741,1106,702
"1529",3514,1815271,2211337,315096,394139,1096,769
"1530",3515,720083,1880111,67802,123948,362,343
"1531",3516,0,0,82380,43948,676,323
"1532",3517,605190,248692,219711,151521,1091,526
"1533",3518,0,0,355709,349123,1962,1454
"1534",3519,1585911,752603,229316,143630,1683,2771
"1535",3520,0,0,297343,319485,2226,847
"1536",3521,0,0,67716,33376,304,82
"1537",3522,1705741,1494003,39018,12874,1313,985
"1538",3523,1586277,1407624,244469,258826,244,1703
"1539",3524,0,0,287846,190722,146,639
"1540",3525,1074091,349102,288831,99043,367,235
"1541",3527,2806173,2295410,360450,341253,93,2
"1542",3528,0,0,15086,23922,175,959
"1543",3529,0,0,252030,184555,444,285
"1544",3530,2517452,1792609,213112,106898,468,41
"1545",3531,990033,269558,374894,213037,107,4
"1546",3532,2517452,1792609,256492,225043,569,53
"1547",3533,1986249,1577655,270114,438308,2174,2262
"1548",3534,1986249,1577655,233409,396420,914,735
"1549",3535,605190,248692,209832,127852,1406,826
"1550",3536,0,0,490027,157180,2013,253
"1551",3537,0,0,201069,142314,636,127
"1552",3538,944370,2652704,47866,85681,170,866
"1553",3539,0,0,3088,1663,32,94
"1554",3541,0,0,209373,168874,958,791
"1555",3542,0,0,209373,168874,1787,229
"1556",9993,NA,NA,NA,NA,NA,12
"1557",9997,NA,NA,NA,NA,NA,110
